Rank,Name,URL
1,Monteverde,https://www.chicagomag.com/chicago-magazine/august-2024/50-best-restaurants/monteverde/
2,Oriole,https://www.chicagomag.com/chicago-magazine/august-2024/50-best-restaurants/oriole/
3,Galit,https://www.chicagomag.com/chicago-magazine/august-2024/50-best-restaurants/galit/
4,Avec,https://www.chicagomag.com/chicago-magazine/august-2024/50-best-restaurants/avec/
5,Kasama,https://www.chicagomag.com/chicago-magazine/august-2024/50-best-restaurants/kasama/
6,Virtue,https://www.chicagomag.com/chicago-magazine/august-2024/50-best-restaurants/virtue/
7,HaiSous Vietnamese Kitchen,https://www.chicagomag.com/chicago-magazine/august-2024/50-best-restaurants/haisous-vietnamese-kitchen/
8,Shaw’s Crab House,https://www.chicagomag.com/chicago-magazine/august-2024/50-best-restaurants/shaws-crab-house/
9,Dear Margaret,https://www.chicagomag.com/chicago-magazine/august-2024/50-best-restaurants/dear-margaret/
10,Boka,https://www.chicagomag.com/chicago-magazine/august-2024/50-best-restaurants/boka/
11,Kyoten/Kyoten Next Door,https://www.chicagomag.com/chicago-magazine/august-2024/50-best-restaurants/kyoten-kyoten-next-door/
12,Hermosa Restaurant,https://www.chicagomag.com/chicago-magazine/august-2024/50-best-restaurants/hermosa-restaurant/
13,Warlord,https://www.chicagomag.com/chicago-magazine/august-2024/50-best-restaurants/warlord/
14,Elske,https://www.chicagomag.com/chicago-magazine/august-2024/50-best-restaurants/elske/
15,John’s Food & Wine,https://www.chicagomag.com/chicago-magazine/august-2024/50-best-restaurants/johns-food-and-wine/
16,El Che Steakhouse & Bar,https://www.chicagomag.com/chicago-magazine/august-2024/50-best-restaurants/el-che-steakhouse-and-bar/
17,Ever,https://www.chicagomag.com/chicago-magazine/august-2024/50-best-restaurants/ever/
18,Oblix,https://www.chicagomag.com/chicago-magazine/august-2024/50-best-restaurants/obelix/
19,Sepia,https://www.chicagomag.com/chicago-magazine/august-2024/50-best-restaurants/sepia/
20,Lula Cafe,https://www.chicagomag.com/chicago-magazine/august-2024/50-best-restaurants/lula-cafe/
21,Bungalow by Middle Brow,https://www.chicagomag.com/chicago-magazine/august-2024/50-best-restaurants/bungalow-by-middle-brow/
22,Atelier,https://www.chicagomag.com/chicago-magazine/august-2024/50-best-restaurants/atelier/
23,La Chaparrita Grocery,https://www.chicagomag.com/chicago-magazine/august-2024/50-best-restaurants/la-chaparrita-grocery/
24,Perilla,https://www.chicagomag.com/chicago-magazine/august-2024/50-best-restaurants/perilla/
25,Superkhana International,https://www.chicagomag.com/chicago-magazine/august-2024/50-best-restaurants/superkhana-international/
26,Birrieria Zaragoza,https://www.chicagomag.com/chicago-magazine/august-2024/50-best-restaurants/birrieria-zaragoza/
27,Lem’s Bar-B-Q,https://www.chicagomag.com/chicago-magazine/august-2024/50-best-restaurants/lems-bar-b-q/
28,Indienne,https://www.chicagomag.com/chicago-magazine/august-2024/50-best-restaurants/indienne/
29,Demera,https://www.chicagomag.com/chicago-magazine/august-2024/50-best-restaurants/demera/
30,The Loyalist,https://www.chicagomag.com/chicago-magazine/august-2024/50-best-restaurants/the-loyalist/
31,JT’s Genuine Sandwich Shop,https://www.chicagomag.com/chicago-magazine/august-2024/50-best-restaurants/jts-genuine-sandwich-shop/
32,The Duck Inn,https://www.chicagomag.com/chicago-magazine/august-2024/50-best-restaurants/the-duck-inn/
33,Mitsuwa Marketplace Food Court,https://www.chicagomag.com/chicago-magazine/august-2024/50-best-restaurants/mitsuwa-marketplace-food-court/
34,Lilac Tiger,https://www.chicagomag.com/chicago-magazine/august-2024/50-best-restaurants/lilac-tiger/
35,Bavette’s Bar & Boeuf,https://www.chicagomag.com/chicago-magazine/august-2024/50-best-restaurants/bavettes-bar-and-boeuf/
36,Ocean Grill and Bar,https://www.chicagomag.com/chicago-magazine/august-2024/50-best-restaurants/ocean-grill-and-bar/
37,Daisies,https://www.chicagomag.com/chicago-magazine/august-2024/50-best-restaurants/daisies/
38,Roux,https://www.chicagomag.com/chicago-magazine/august-2024/50-best-restaurants/roux/
39,S.K.Y.,https://www.chicagomag.com/chicago-magazine/august-2024/50-best-restaurants/sky/
40,Schwa,https://www.chicagomag.com/chicago-magazine/august-2024/50-best-restaurants/schwa/
41,Boeufhaus,https://www.chicagomag.com/chicago-magazine/august-2024/50-best-restaurants/boeufhaus/
42,New Village Gastro Pub,https://www.chicagomag.com/chicago-magazine/august-2024/50-best-restaurants/new-village-gastro-pub/
43,Bayan Ko,https://www.chicagomag.com/chicago-magazine/august-2024/50-best-restaurants/bayan-ko/
44,Noon-O-Kabab,https://www.chicagomag.com/chicago-magazine/august-2024/50-best-restaurants/noon-o-kabab/
45,Spacca Napoli,https://www.chicagomag.com/chicago-magazine/august-2024/50-best-restaurants/spacca-napoli/
46,Shanghai Terrace,https://www.chicagomag.com/chicago-magazine/august-2024/50-best-restaurants/shanghai-terrace/
47,Daisy’s Po-Boy and Tavern,https://www.chicagomag.com/chicago-magazine/august-2024/50-best-restaurants/daisys-po-boy-and-tavern/
48,Dolo Restaurant and Bar,https://www.chicagomag.com/chicago-magazine/august-2024/50-best-restaurants/dolo-restaurant-and-bar/
49,Redhot Ranch,https://www.chicagomag.com/chicago-magazine/august-2024/50-best-restaurants/redhot-ranch/
50,Immm Rice & Beyond,https://www.chicagomag.com/chicago-magazine/august-2024/50-best-restaurants/immmrice-and-beyond/
